field1,field2,field3,field4,field5,field6,_GC_TYPE,_X,_Y
코레일,1호선,덕정,경기도 양주시 덕정동 350-14,경기도 양주시 화합로 1356,,정,127.06180453653072,37.84407610115683
코레일,1호선,보산,경기도 동두천시 보산동 422,경기도 동두천시 평화로 2539,,정,127.05723687859508,37.91431820179305
코레일,1호선,소요산,경기도 동두천시 상봉암동 126-3,경기도 동두천시 평화로 2925,,정,127.06121334408991,37.94795316553425
코레일,1호선,동두천,경기도 동두천시 동두천동 245-210,경기도 동두천시 평화로 2687,,정,127.05487675037257,37.927825125272484
코레일,1호선,지행,경기도 동두천시 지행동 424-1,경기도 동두천시 평화로 2285,,정,127.05566421552264,37.89187625921792
코레일,1호선,동두천중앙,경기도 동두천시 생연동 726-3,경기도 동두천시 동두천로 228,,정,127.05623854587738,37.901805334598485
코레일,1호선,덕계,경기도 양주시 덕계동 209-5,경기도 양주시 고덕로 139번길 317,,정,127.05665384303681,37.818773298876366
코레일,1호선,양주,경기도 양주시 남방동 94-1,경기도 양주시 평화로 919,,정,127.04479118203895,37.77365513428145
코레일,1호선,녹양,경기도 의정부시 녹양동 96-1,경기도 의정부시 평화로 757,,정,127.04227366561884,37.75939823919672
코레일,1호선,가능,경기도 의정부시 가능동 197-1,경기도 의정부시 평화로 633,,정,127.04422022546152,37.74836731020588
코레일,1호선,방학,서울특별시 도봉구 방학동 728,서울특별시 도봉구 도봉로 150다길 3,,정,127.04441910129135,37.666340050217556
코레일,1호선,망월사,경기도 의정부시 호원동 50-5,경기도 의정부시 평화로 221,,정,127.04735917813042,37.71045888630549
코레일,1호선,의정부,경기도 의정부시 의정부동 168-54,경기도 의정부시 평화로 525,,정,127.04559111982117,37.7402507901927
코레일,1호선,회룡,경기도 의정부시 호원동 50-5,경기도 의정부시 평화로 363,,정,127.0472186154138,37.72442169248829
코레일,1호선,도봉,서울특별시 도봉구 도봉동 639,서울특별시 도봉구 도봉로 170길 2,,정,127.04577218841813,37.680376317841485
코레일,1호선,녹천,서울특별시 도봉구 창동 57-11,서울특별시 도붕구 덕릉로 376,,대,126.93960825427187,37.56448109259768
코레일,1호선,도봉산,서울특별시 도봉구 도봉동 18-1,서울특별시 도봉구 도봉로 964-33,,유,127.04653541879122,37.689132082042946
코레일,1호선,창동,서울특별시 도봉구 창동 135-1,서울특별시 도봉구 마들로11길 77,,정,127.04771536518672,37.6532175805741
코레일,1호선,광운대,서울특별시 노원구 월계동 85,서울특별시 노원구 석계로 98-2,,정,127.06157373055422,37.623331934473576
코레일,1호선,월계,서울특별시 노원구 월계동 263-1,서울특별시 노원구 월계로53길 40,,정,127.05881275034264,37.631965496693304
코레일,1호선,용산,서울특별시 용산구 한강로3가 40-999,서울특별시 용산구 한강대로23길 55,,정,126.96474135084641,37.52977211893694
코레일,1호선,외대앞,서울특별시 동대문구 이문동 360-5,서울특별시 동대문구 휘경로 27,,정,127.06305954001482,37.595413834126504
코레일,1호선,석계,서울특별시 노원구 월계동 36-4,서울특별시 노원구 화랑로 341,,정,127.06564738795821,37.615306130427506
코레일,1호선,신이문,서울특별시 동대문구 이문동 7,서울특별시 동대문구 한천로 472,,정,127.06801861249531,37.607918413985956
코레일,1호선,남영,서울특별시 용산구 갈월동 96-1,서울특별시 용산구 한강대로77길 25,,정,126.97133296765027,37.54056484651245
코레일,1호선,회기,서울특별시 동대문구 휘경동 317-101,서울특별시 동대문구 회기로 196,,정,127.05803519726693,37.58974369011115
코레일,1호선,노량진,서울특별시 동작구 노량진동 67-2,서울특별시 동작구 노량진로 151,,정,126.94281753500384,37.5144649057172
코레일,1호선,대방,서울특별시 영등포구 신길동 1368-3,서울특별시 영등포구 여의대방로 300,,정,126.92630332883252,37.5133249555902
코레일,1호선,온수,서울특셜시 구로구 온수동 51-7,서울특별시 구로구 부일로 872,,정,126.82403902080677,37.49247385483871
코레일,1호선,영등포,서울특별시 영등포구 영등포동 618-496,서울특별시 영등포구 경인로 846,,정,126.90766597159927,37.51566841383748
코레일,1호선,구일,서울특별시 구로구 구로동 636-45,서울특별시 구로구 구일로 133,,정,126.86992046881758,37.49639147521038
코레일,1호선,신도림,서울특별시 구로구 신도림동 460-26,서울특별시 구로구 새마로 지하117-21,,대,126.85404691836925,37.495582066825804
코레일,1호선,오류동,서울특별시 구로구 오류동 66,서울특별시 구로구 경인로 20길 13,,정,126.84343857335206,37.494502243226016
코레일,1호선,구로,서울특별시 구로구 구로동 585-3,서울특별시 구로구 구로중앙로 174,,정,126.88149166224045,37.50243490569486
코레일,1호선,개봉,서울특별시 구로구 개보동 415,서울특별시 구로구 경인로40길 47,,정,126.85910233082251,37.49452156044724
코레일,1호선,신길,서울특별시 영등포구 신길동 41-1,서울특별시 영등포구 영등포로 327,,정,126.91722561187686,37.51703284422707
코레일,1호선,역곡,경기도 부천시 원미곡 역곡동 382,경기도 부천시 원미구 역곡로 1,,대,126.79248285704753,37.49421206850425
코레일,1호선,간석,인천광역시 남동구 간석동 757,인천광역시 남동구 석정로 522-14,,정,126.69395184426479,37.46491041783503
코레일,1호선,소사,경기도 부천시 소사구 소사본동 395,경기도 부천시 소사구 소사로 272,,대,126.79522401470805,37.48630642006428
코레일,1호선,부평,인천광역시 부평구 부평동 738-21,인천광역시 부평구 광장로 16,,정,126.72480001321667,37.4899651955808
코레일,1호선,중동,경기도 부천시 소사구 송내동 632,경기도 부천시 소사구 중동로 73,,대,126.79522401470805,37.48630642006428
코레일,1호선,송내,경기도 부천시 소사구 송내동 632-4,경기도 부천시 소사구 송내대로 43,,대,126.79522401470805,37.48630642006428
코레일,1호선,동암,인천광역시 부평구 십정동 541-1,인천광역시 부평구 동암광장로 10,,정,126.702935261282,37.4710058858141
코레일,1호선,부개,인천광역시 부평구 부개동 468,인천광역시 부평구 수변로 22,,정,126.7402450213259,37.48869188082134
코레일,1호선,백운,인천광역시 부평구 십정동 541-1,인천광역시 부평구 마장로 55번길 14,,정,126.70716575406404,37.483265634315316
코레일,1호선,주안,인천광역시 남구 주안동 125,인천광역시 남구 주안로 95-19,,정,126.68060389006929,37.464982656456094
코레일,1호선,부천,경기도 부천시 소사구 심곡본동 316-2,경기도 부천시 소사구 부천로 1,,대,126.79522401470805,37.48630642006428
코레일,1호선,광명,,경기도 광명시 광명역로 21 광명역,,정,126.884877322405,37.41636376483314
코레일,1호선,가산디지털단지,서울특별시 금천구 가산동 468-4,서울특별시 금천구 벚꽃로 309,,정,126.8825592777496,37.481595773825134
코레일,1호선,도화,인천광역시 남구 도화동 668,인천광역시 남구 숙골로 24번길 9,,정,126.66837536919591,37.466109537246005
코레일,1호선,도원,인천광역시 동구 창영동 179-1,인천광역시 동구 참외전로 245,,정,126.64240459995587,37.46879288144471
코레일,1호선,금천구청,서울특별시 금천구 시흥동 113-55,서울특별시 금천구 시흥대로 63길 91,,정,126.89451824008516,37.455617425833225
코레일,1호선,동인천,인천광역시 중구 인현동 1-613,인천광역시 중구 참외전로 121,,정,126.63180817426812,37.475867659746854
코레일,1호선,독산,서울특별시 금천구 가산동 717,서울특별시 금천구 벚꽃로 115,,정,126.88951441745574,37.465987960004576
코레일,1호선,인천,인천광역시 중구 북성동1가 3-1,인천광역시 중구 제물량로 269,,정,126.61709091947252,37.47659594447893
코레일,1호선,제물포,인천광역시 남구 숭의동 450-39,인천광역시 남구 경인로 129,,정,126.65686943934574,37.46680225426985
코레일,1호선,석수,경기도 안양시 만악구 석수동 737,경기도 안양시 만안구 경수대로 1431,,정,126.90236734837441,37.43436450165992
코레일,1호선,당정,경기도 군포시 당정동 938,경기도 구노시 당정역로 91,,대,127.496042691363,37.568470898137726
코레일,1호선,명학,경기도 안양시 만안구 안양동 1163-1,경기도 안양시 만안구 만안로 20,,정,126.93526714743248,37.38521958726338
코레일,1호선,관악,경기도 안양시 만악구 석수동 101-16,경기도 안양시 만안구 경수대로 1273번길 46,,정,126.90912195494658,37.418803039110536
코레일,1호선,화서,경기도 수원시 팔달구 화서동 464,경기도 수원시 팔달구 덕영대로 692,,정,126.98919941744163,37.28489401550809
코레일,1호선,금정,경기도 군포시 금정동 613,경기도 군포시 군포로 750,,정,126.94338745767249,37.37228821811667
코레일,1호선,의왕,경기도 의왕시 삼동 191,경기도 의왕시 철도박물관로 66,,정,126.94813729173141,37.32113919371939
코레일,1호선,군포,경기도 군포시 당동 134-1,경기도 군포시 군포역1길 27,,정,126.9484856648506,37.354076354446846
코레일,1호선,성균관대,경기도 수원시 장안구 율전동 495-2,경기도 수원시 장안구 서부로 2149,,정,126.9717057138645,37.300175983049805
코레일,1호선,안양,경기도 안양시 만안구 안양동 88-1,경기도 안양시 만안구 만안로 232,,정,126.92369247657433,37.400807038275524
코레일,1호선,수원,경기도 수원시 팔달구 매산로1가 18,경기도 수원시 팔달구 덕영대로 924,,정,126.99976612066135,37.26731242937671
코레일,1호선,오산,경기도 오산시 오산동 603-116,경기도 오산시 역광장로 59,,정,127.06684464289832,37.14589446361657
코레일,1호선,서정리,경기도 평택시 서정동 427-53,경기도 평택시 탄현로 51,,정,127.05300678303028,37.057004540575015
코레일,1호선,서동탄,경기도 오산시 외삼미동 242,경기도 오산시 외삼미로 15번길 75-60,,정,127.05213451741656,37.19592750948598
코레일,1호선,세류,경기도 수원시 권선구 장지동 25-4,경기도 수원시 권선구 정조로 393-1,,정,127.0139775445237,37.244653761529925
코레일,1호선,진위,경기도 평택시 진위면 하북리 139-3,경기도 평택시 진위면 경기대로 1855,,정,127.06236738744495,37.10993764835345
코레일,1호선,병점,경기도 화성시 진암동 824-1,경기도 화성시 떡전골로 97,,정,127.0332445996872,37.206803046807835
코레일,1호선,지제,경기도 평택시 지제동 559-4,경기도 평택시 경기대로 777,,정,127.07048501356437,37.01878537034457
코레일,1호선,세마,경기도 오산시 세교동 244-5,경기도 오산시 세마역로 88,,정,127.04306140763472,37.18699057617288
코레일,1호선,오산대,경기도 오산시 수청동 435-1,경기도 오산시 청학로 236,,정,127.06306428369867,37.169300168311395
코레일,1호선,송탄,경기도 평택시 신장동 257-5,경기도 평택시 송탄공원로 43,,정,127.05430013063183,37.075284003345345
코레일,1호선,평택,경기도 평택시 평택동 185-579,경기도 평택시 평택로 51,,정,127.08527540362564,36.99087995166359
코레일,1호선,봉명,충청남도 천안시 동남구 봉명동 20-2,충청남도 천안시 동남구 차돌로 51,,정,127.13583576151305,36.80125738062273
코레일,1호선,배방,충청남도 아산시 배방읍 구령리 148-2,충청남도 아산시 배방읍 온천대로 1967,,정,127.05290443280919,36.77756343722917
코레일,1호선,직산,충청남도 천안시 서북구 직산읍 모시리 58-11,충청남도 천안시 서북구 직산읍 천안대로 1471-33,,정,127.14390207078186,36.87074854215342
코레일,1호선,쌍용(나사렛대),충청남도 천안시 서북구 쌍용동 426-3,충청남도 천안시 서북구 쌍용19로 20,,정,127.12135026520443,36.79372410020892
코레일,1호선,성환,충청남도 천안시 서북구 성환읍 성환리 449-128,충청남도 천안시 서북구 성환읍 성환1로 237-5,,정,127.12659057737982,36.91589746241004
코레일,1호선,온양온천,충청남도 아산시 온천동 56-9,충청남도 아산시 온천대로 1496,,정,127.00345130157403,36.780468344771776
코레일,1호선,두정,충청남도 천안시 서북구 두정동 84-1,충청남도 천안시 서북구 두정로 289,,정,127.14902073896323,36.8329348706996
서울교통공사,1호선,동대문,서울특별시 종로구 창신동 492-1,서울특별시 종로구 종로 지하 302,,정,127.011167308011,37.57177804273931
코레일,1호선,천안,충청남도 천안시 동남구 대흥동 57-1,충청남도 천안시 동남구 대흥로 239,,정,127.14681871149998,36.810624297689195
서울교통공사,1호선,종각,서울특별시 종로구 종로1가 54,서울특별시 종로구 종로 지하 55,,정,126.98324012162131,37.570214239552605
서울교통공사,1호선,제기동,서울특별시 동대문구 제기동 65,서울특별시 동대문구 왕산로 지하 93,,정,127.03469038368101,37.57819695803378
코레일,1호선,아산,충청남도 아산시 배방읍 장재리 268,충청남도 아산시 배방읍 희망로 90,,정,127.104115037471,36.792047594770274
코레일,1호선,신창(순천향대),충청남도 아산시 신창면 행목리 346-49,충청남도 아산시 신창면 행목로 50,,정,126.94992138007761,36.769484687774046
서울교통공사,1호선,종로5가,서울특별시 종로구 종로5가 82-1,서울특별시 종로구 종로 지하 216,,정,127.00191668249276,37.57090743183806
서울교통공사,1호선,청량리(서울시립대입구),서울특별시 동대문구 왕산로 328-1,서울특별시 동대문구 왕산로 지하 205,,정,127.04508586729183,37.58023305976715
서울교통공사,1호선,시청,서울특별시 중구 정동 5-5,서울특별시 세종대로 지하 101,,정,126.9769830462662,37.565438390672654
서울교통공사,1호선,신설동,서울특별시 동대문구 신설동 76-5,서울특별시 동대문구 왕산로 지하 1,,정,127.02470216462004,37.57532062531897
서울교통공사,1호선,동묘앞,서울특별시 종로구 숭인동 117,서울특별시 종로구 종로 359,,정,127.0167511780147,37.57337208078439
서울교통공사,2호선,왕십리,서울특별시 성동구 행당동 192,서울특별시 성동구 왕십리로 지하 300,,정,127.03665560322223,37.56122238354875
서울교통공사,1호선,종로3가,서울특별시 종로구 종로3가 10-5,서울특별시 종로구 종로 지하 129,,정,126.99202948846742,37.57042634633311
서울교통공사,1호선,서울역,서울특별시 중구 남대문로5가 73-6,서울특별시 세종대로 지하 2,,정,126.97255446036756,37.55715964217857
서울교통공사,2호선,동대문역사문화공원,서울특별시 중구 을지로7가 112-3,서울특별시 중구 을지로 지하 279,,정,127.00913148367091,37.565589505433415
서울교통공사,2호선,신당,서울특별시 중구 신당동 99,서울특별시 중구 퇴계로 지하 431-1,,정,127.01954070670689,37.565655310756824
서울교통공사,2호선,시청,서울특별시 중구 서소문동 90-1,서울특별시 중구 서소문로 지하 127,,정,126.97538930933912,37.563579952665734
서울교통공사,2호선,한양대,서울특별시 성동구 행당동 산17,서울특별시 성동구 왕십리로 206,,정,127.04358439643691,37.55557717495712
서울교통공사,2호선,을지로입구,서울특별시 중구 을지로3가 347-3,서울특별시 중구 을지로 지하 42,,정,126.99996446450879,37.56886496887681
서울교통공사,2호선,종합운동장,서울특별시 송파구 잠실동 122,서울특별시 송파구 올림픽로 지하 23,,정,127.07335564152693,37.51096957741606
서울교통공사,2호선,상왕십리,서울특별시 성동구 하왕십리동 946-14,서울특별시 성동구 왕십리로 지하 374,,정,127.02903144845556,37.56446862035384
서울교통공사,2호선,을지로3가,서울 중구 을지로3가 70-1,서울특별시 중구 을지로 지하 106,,정,127.00297098913923,37.56624140247918
서울교통공사,2호선,잠실나루,서울특별시 송파구 신천동 15,서울특별시 송파구 오금로 20,,정,127.10381127766529,37.5206868436806
서울교통공사,2호선,뚝섬,서울특별시 성동구 성수동1가 656-745,서울특별시 성동구 아차산로 18,,정,127.04736452962617,37.547188427003896
서울교통공사,2호선,을지로4가,서울특별시 중구 을지로4가 267-1,서울특별시 중구 을지로 지하 178,,정,126.99267477922496,37.56762695685468
서울교통공사,2호선,성수,서울특별시 성동구 성수동2가 300-1,서울특별시 성동구 아차산로 100,,정,127.05609047122655,37.544502173100064
서울교통공사,2호선,잠실(송파구청),서울특별시 송파구 잠실동 8,서울특별시 송파구 올림픽로 지하 265,,정,127.10185765142911,37.51385969552248
서울교통공사,2호선,삼성(무역센터),서울특별시 강남구 삼성동 172-66,서울특별시 강남구 테헤란로 지하 538,,정,127.06307280957536,37.508861568196096
서울교통공사,2호선,건대입구,서울특별시 광진구 화양동 7-3,서울특별시 광진구 아차산로 243,,정,127.06917285825354,37.54041972611977
서울교통공사,2호선,서울대입구(관악구청),서울특별시 관악구 봉천동 979-2,서울특별시 관악구 남부순환로 지하 1822,,정,126.95264544732878,37.48115256525574
서울교통공사,2호선,잠실새내,서울특별시 송파구 잠실동 33,서울특별시 송파구 올림픽로 지하 140,,정,127.08637371706487,37.511567512890785
서울교통공사,2호선,구의(광진구청),서울특별시 광진구 구의동 245-24,서울특별시 광진구 아차산로 384-1,,정,127.08617922718909,37.53715454900764
서울교통공사,2호선,선릉,서울특별시 강남구 삼성동 172-66,서울특별시 강남구 테헤란로 지하 340,,정,127.04894215238383,37.504502664994035
서울교통공사,2호선,방배,서울특별시 서초구 방배동 912-14,서울특별시 서초구 방배로 지하 80,,정,126.99769471426794,37.481435602234534
서울교통공사,2호선,강변(동서울터미널),서울특별시 광진구 구의동 546-6,서울특별시 광진구 강변역로 53,,정,127.09466407673989,37.53516854704262
서울교통공사,2호선,역삼,서울특별시 강남구 역삼동 804,서울특별시 강남구 테헤란로 지하 156,,정,127.03661839408487,37.50071612892416
서울교통공사,2호선,봉천,서울특별시 관악구 봉천동 979-7,서울특별시 관악구 남부순환로 지하 1721,,정,126.94149550810195,37.482556078140654
서울교통공사,2호선,사당,서울특별시 동작구 사당동 1129,서울특별시 동작구 남부순환로 지하 2089,,정,126.98140909481408,37.4765231357578
서울교통공사,2호선,강남,서울특별시 강남구 역삼동 858,서울특별시 강남구 강남대로 지하 396,,정,127.02830771483191,37.498163938835525
서울교통공사,2호선,낙성대,서울특별시 관악구 봉천동 1693-39,서울특별시 관악구 남부순환로 지하 1928,,정,126.9634097127832,37.47706470257978
서울교통공사,2호선,합정,서울특별시 마포구 서교동 393,서울특별시 마포구 양화로 지하 55,,정,126.91463828463488,37.550114891508436
서울교통공사,2호선,신림,서울특별시 관악구 신림동 1467-10,서울특별시 관악구 남부순환로 지하 1614,,정,126.9298016450487,37.484215504058966
서울교통공사,2호선,교대(법원·검찰청),서울특별시 서초구 서초동 1748-4,서울특별시 서초구 서초대로 지하 294,,정,127.01415599727422,37.493577256330084
서울교통공사,2호선,신대방,서울특별시 동작구 신대방동 643-1,서울특별시 동작구 대림로 2,,정,126.9131765148183,37.48757818087618
서울교통공사,2호선,서초,서울특별시 서초구 서초동 1748-5,서울특별시 서초구 서초대로 지하 233,,정,127.0075802975563,37.49182302643766
서울교통공사,2호선,홍대입구,서울특별시 마포구 동교동 165,서울특별시 마포구 양화로 지하160,,정,126.92367453166688,37.556890600335045
서울교통공사,2호선,구로디지털단지,서울특별시 구로구 구로동 810-3,서울특별시 구로구 도림천로 477,,정,126.9014944617955,37.485313959612625
서울교통공사,2호선,문래,서울특별시 영등포구 문래동3가 68-1,서울특별시 영등포구 당산로 지하 28,,정,126.89476271216196,37.51792127334056
서울교통공사,2호선,신촌,서울특별시 마포구 노고산동 31-11,서울특별시 마포구 신촌로 지하 90,,정,126.93553982181518,37.55531287969955
서울교통공사,2호선,영등포구청,서울특별시 영등포구 당산동3가 270-1,서울특별시 영등포구 당산로 121,,정,126.89662651656043,37.52569954778902
서울교통공사,2호선,대림(구로구청),서울특별시 구로구 구로동 1204,서울특별시 구로구 도림천로 351,,정,126.89494654776297,37.49331078026584
서울교통공사,2호선,이대,서울특별시 마포구 염리동 8-85,서울특별시 마포구 신촌로 지하180,,정,126.94548008444391,37.556500187531256
서울교통공사,2호선,당산,서울특별시 영등포구 당산동6가 323-1,서울특별시 영등포구 당산로 229,,정,126.90273076526374,37.5349567877414
서울교통공사,2호선,신도림,서울특별시 구로구 신도림동 460-26,서울특별시 구로구 새말로 지하117-21,,정,126.89108014812933,37.50876985314856
코레일,3호선,백석,경기도 고양시 일산동구 백석동 1538,경기도 고양시 일산동구 중앙로 지하 1042,,정,126.78817227914087,37.64316163330617
서울교통공사,2호선,아현,서울특별시 마포구 아현동 354-23,서울특별시 마포구 신촌로 지하 270,,정,126.9560337759651,37.55735779122339
서울교통공사,2호선,충정로(경기대입구),서울특별시 서대문구 충정로3가 319-1,서울특별시 서대문구 서소문로 지하 17,,정,126.9644740221728,37.559839027724905
코레일,3호선,대곡,경기도 고양시 덕양구 대장동 420-1,경기도 고양시 덕양구 대주로107번길 71-81,,정,126.81060306591142,37.63182092864438
코레일,3호선,주엽,경기도 고양시 일산서구 주엽동 166-7,경기도 고양시 일산서구 중앙로 지하 1432,,정,126.76104574911646,37.67043112331252
코레일,3호선,화정,경기도 고양시 덕양구 화정동 1098,경기도 고양시 덕양구 화정로 지하60,,정,126.83263056500721,37.634508261513645
코레일,3호선,정발산,경기도 고양시 일산동구 마두동 1123,경기도 고양시 일산동구 중앙로 지하 1270,,정,126.7734654449363,37.65965906012928
서울교통공사,3호선,녹번,서울특별시 은평구 녹번동 55,서울특별시 은평구 통일로 지하 602-1,,정,126.93601251561816,37.600730228696584
코레일,3호선,원당,경기도 고양시 덕양구 성사동 410-7,경기도 고양시 덕양구 고양대로 1429,,정,126.84310508945202,37.65343367364329
코레일,3호선,마두,경기도 고양시 일산동구 마두동 765-1,경기도 고양시 일산동구 중앙로 지하 1180,,정,126.7781905017962,37.65232154440231
코레일,3호선,대화,경기도 고양시 일산서구 대화동 2221,경기도 고양시 일산서구 중앙로 지하 1569,,정,126.74730751982975,37.67595857204191
서울교통공사,3호선,홍제,서울특별시 서대문구 홍제동 161-1,서울특별시 서대문구 통일로 지하 440-1,,정,126.94424219169258,37.588709323762124
서울교통공사,3호선,무악재,서울특별시 서대문구 홍제동 26-1,서울특별시 서대문구 통일로 지하 361,,정,126.95032134617072,37.5823833237838
코레일,3호선,원흥,경기도 고양시 덕양구 원흥동 569-15,경기도 고양시 덕양구 권율대로 681,,정,126.87330681874175,37.65091924005201
서울교통공사,3호선,구파발,서울특별시 은평구 진관동 67-26,서울특별시 은평구 진관2로 지하 15-25,,정,126.91875332513474,37.6368547561016
서울교통공사,3호선,약수,서울특별시 중구 신당동 369-44,서울특별시 중구 다산로 지하 122,,정,127.01082285872359,37.55455995847428
서울교통공사,3호선,연신내,서울특별시 은평구 갈현동 397,서울특별시 은평구 통일로 지하 849 3호선,,정,126.9211666763322,37.618969933364056
코레일,3호선,삼송,경기도 고양시 덕양구 삼송동 18-5,경기도 고양시 덕양구 삼송로 지하 194,,정,126.89574215336172,37.653252666592735
서울교통공사,3호선,독립문,서울특별시 서대문구 현저동 101,서울특별시 서대문구 통일로 지하 247,,정,126.95775000866655,37.57441014114405
서울교통공사,3호선,불광,서울특별시 은평구 대조동 14-1,서울특별시 은평구 통일로 지하 723-1 3호선,,정,126.92998545003249,37.61020679435526
서울교통공사,3호선,금호,서울특별시 성동구 금호동4가 1470,서울특별시 성동구 동호로 지하 104,,정,127.01589430655103,37.5481127701227
서울교통공사,3호선,옥수,서울특별시 성동구 옥수동 168-1,서울특별시 성동구 동호로 지하 21,,정,127.01832956430451,37.54104621812165
서울교통공사,3호선,매봉,서울특별시 강남구 도곡동 179-2,서울특별시 강남구 남부순환로 지하 2744,,정,127.04661399210418,37.48696049843832
서울교통공사,3호선,충무로,서울특별시 중구 필동2가 16-2,서울특별시 중구 퇴계로 지하199,,정,126.99411058207492,37.5611721345071
서울교통공사,3호선,안국,서울특별시 종로구 안국동 155-2,서울특별시 종로구 율곡로 지하62,,정,126.98582311915003,37.576720617449126
서울교통공사,3호선,지축,경기도 고양시 덕양구 지축동 818-64,경기도 고양시 덕양구 삼송로 300,,정,126.90994380984299,37.64976700438799
서울교통공사,3호선,을지로3가,서울특별시 중구 을지로3가 282-8,서울특별시 중구 을지로 지하 129,,정,126.99313630426037,37.568027522821225
서울교통공사,3호선,경복궁(정부서울청사),서울특별시 종로구 적선동 81-1,서울특별시 종로구 사직로 지하 130,,정,126.97306310956066,37.57586125024215
서울교통공사,3호선,압구정,서울특별시 강남구 신사동 668,서울특별시 강남구 압구정로 지하 172,,정,127.02848063007934,37.52643027775898
서울교통공사,3호선,동대입구,서울특별시 중구 장충동2가 199-3,서울특별시 중구 동호로 지하 256,,정,127.00546038130757,37.559029944227404
서울교통공사,3호선,도곡,서울특별시 강남구 도곡동 339-2,서울특별시 강남구 남부순환로 지하 2814,,정,127.05532327687071,37.4908640449986
서울교통공사,3호선,대치,서울특별시 강남구 대치동 317-3,서울특별시 강남구 남부순환로 지하 2952,,정,127.06342943606306,37.49456281723167
서울교통공사,3호선,종로3가,서울특별시 종로구 묘동 20-5,서울특별시 종로구 돈화문로 지하 30,,정,126.99223395920698,37.57126637971394
서울교통공사,3호선,잠원,서울특별시 서초구 잠원동 100-1,서울특별시 서초구 잠원로 4길 지하 46,,정,127.01122001991634,37.512799215607586
서울교통공사,3호선,신사,서울특별시 강남구 신사동 667,서울특별시 강남구 도산대로 지하 102,,정,127.02032664296384,37.516432058834795
서울교통공사,3호선,남부터미널(예술의전당),서울특별시 서초구 서초동 1748-30,서울특별시 서초구 서초중앙로 지하 31,,정,127.01620705717663,37.485139931474514
코레일,4호선,선바위,경기도 과천시 과천동 355,경기도 과천시 중앙로 지하440,,정,127.00137173306092,37.45188557613378
서울교통공사,3호선,교대(법원·검찰청),서울특별시 서초구 서초동 1748-4,서울특별시 서초구 서초대로 지하 294,,정,127.01415599727422,37.493577256330084
서울교통공사,3호선,학여울,서울특별시 강남구 대치동 514-3,서울특별시 강남구 남부순환로 지하 3104,,정,127.07171944039949,37.496716767807776
서울교통공사,3호선,양재(서초구청),서울특별시 서초구 서초동 1366-9,서울특별시 서초구 남부순환로 지하 2585,,정,127.03454423954008,37.48393546647244
서울교통공사,3호선,고속터미널,서울특별시 서초구 반포동 19-11,서울특별시 서초구 신반포로 지하 188,,정,127.00444241077146,37.50464704802712
코레일,4호선,경마공원,경기도 과천시 과천동 654,경기도 과천시 경마공원대로 지하 105,,정,127.00805503304828,37.44414741654414
코레일,4호선,대공원,경기도 과천시 과천동 727-1,경기도 과천시 대공원대로 지하50,,정,127.00556406554323,37.43573357750599
서울교통공사,3호선,일원,서울특별시 강남구 일원동 717,서울특별시 강남구 일원로 지하 121,,정,127.08445146828495,37.48407286677673
서울교통공사,3호선,대청,서울특별시 강남구 대치동 514-3,서울특별시 강남구 일원로 지하 2,,정,127.07949405845838,37.493722434268875
서울교통공사,3호선,경찰병원,서울특별시 송파구 가락동 10-15,서울특별시 송파구 중대로 지하 149,,정,127.12406707557606,37.49560239583098
코레일,4호선,수리산,경기도 군포시 산본동 1231-1,경기도 군포시 번영로 385,,정,126.9254903146848,37.350128841868525
서울교통공사,3호선,수서,서울특별시 강남구 수서동 728,서울특별시 강남구 광평로 지하 270,,정,127.10186017203822,37.48739034020959
서울교통공사,3호선,오금,서울특별시 송파구 오금동 44-2,서울특별시 송파구 오금로 지하 321,,정,127.12787978010067,37.50226651767043
서울교통공사,3호선,가락시장,서울특별시 송파구 가락동 184-23,서울특별시 송파구 송파대로 지하 257,,정,127.1184857624921,37.492743409004625
코레일,4호선,과천,경기도 과천시 별양동 2,경기도 과천시 별양로 지하177,,정,126.99745760258004,37.43345408338402
코레일,4호선,대야미,경기도 군포시 대야미동 229-1,경기도 군포시 대야1로 28,,정,126.91717940695129,37.3283282266882
코레일,4호선,금정,경기도 군포시 금정동 613,경기도 군포시 군포로 750,,정,126.94338745767249,37.37228821811667
코레일,4호선,인덕원,경기도 안양시 동안구 관양동 1563,경기도 안양시 동안구 흥안대로 지하 529,,정,126.97668848905671,37.40150866358392
코레일,4호선,반월,경기도 안산시 상록구 건건동 산62-1,경기도 안산시 상록구 건건로 119-10,,정,126.90382710787615,37.31193115469408
코레일,4호선,정부과천청사,경기도 과천시 별양동 1,경기도 과천시 중앙로 지하 100,,정,126.99018631065461,37.4259983773544
코레일,4호선,정왕,경기도 시흥시 정왕동 2325-12,경기도 시흥시 마유로418번길 15,,정,126.74300955148723,37.35177350416102
코레일,4호선,산본,경기도 군포시 산본동 1231,경기도 군포시 번영로 504,,정,126.93317515836804,37.35810524511555
코레일,4호선,평촌,경기도 안양시 동안구 관양동 1608-1,경기도 안양시 동안구 부림로 지하 123,,정,126.96404512296886,37.39415812798318
코레일,4호선,범계,경기도 안양시 동안구 호계동 1039-2,경기도 안양시 동안구 동안로 지하130,,정,126.950984339141,37.38973556641889
코레일,4호선,오이도,경기도 시흥시 정왕동 878,경기도 시흥시 역전로 430,,정,126.73846397505785,37.36192797589603
코레일,4호선,상록수,경기도 안산시 상록구 본오동 1177,경기도 안산시 상록구 상록수로 61,,정,126.86541798553142,37.30298080868062
서울교통공사,4호선,당고개,서울특별시 노원구 상계동 111,서울특별시 노원구 상계로 305,,정,127.07901058498173,37.670292047639634
코레일,4호선,안산,경기도 안산시 단원구 원곡동 325-12,경기도 안산시 단원구 중앙대로 462,,정,126.78941513425806,37.3273096786108
코레일,4호선,중앙,경기도 안산시 단원구 고잔동 167-378,경기도 안산시 단원구 중앙대로 918,,정,126.83848791776195,37.315901546320454
코레일,4호선,한대앞,경기도 안산시 상록구 이동 211-5,경기도 안산시 상록구 충장로 337,,정,126.8536035937878,37.3101387327021
서울교통공사,4호선,길음,서울특별시 성북구 길음동 877-66,서울특별시 성북구 동소문로 지하 248,,정,127.02364278147205,37.6029488882535
코레일,4호선,신길온천,경기도 안산시 단원구 신길동 216-2,경기도 안산시 단원구 황고개로 2,,정,126.7671492550143,37.337579305607974
서울교통공사,4호선,성신여대입구(돈암),서울특별시 성북구 동선동4가 1,서울특별시 성북구 동소문로 지하 102,,정,127.01647772260121,37.59271744435348
코레일,4호선,초지,경기도 안산시 단원구 초지동 25-1,경기도 안산시 단원구 중앙대로 620,,정,126.80590514455709,37.32069231382778
코레일,4호선,고잔,경기도 안산시 단원구 고잔동 453-67,경기도 안산시 단원구 중앙대로 784,,정,126.82313697237514,37.31680805197
서울교통공사,4호선,상계,서울특별시 노원구 상계동 156-203,서울특별시 노원구 상계로 182,,정,127.07357555812717,37.660903146481914
서울교통공사,4호선,미아,서울특별시 강북구 미아동 194-1,서울특별시 강북구 도봉로 지하 198,,정,127.02610276277832,37.62644323615056
서울교통공사,4호선,창동,서울특별시 도봉구 창동 135-1,서울특별시 도봉구 마들로 11길 77,,정,127.04771536518672,37.6532175805741
서울교통공사,4호선,숙대입구(갈월),서울특별시 용산구 갈월동 16-7,서울특별시 용산구 한강대로 지하 306,,정,126.97187642584147,37.54520111946723
서울교통공사,4호선,미아사거리,서울특별시 강북구 미아동 66-1,서울특별시 강북구 도봉로 지하 50,,정,127.03009824793341,37.61328612384502
서울교통공사,4호선,노원,서울특별시 노원구 상계동 602-5,서울특별시 노원구 상계로 69-1,,정,127.06303024884492,37.656267740954824
서울교통공사,4호선,삼각지,서울특별시 용산구 한강로1가 228-1,서울특별시 용산구 한강대로 지하 180,,정,126.97335008475466,37.53438698643129
서울교통공사,4호선,한성대입구(삼선교),서울특별시 성북구 삼선동1가 14,서울특별시 성북구 삼선교로 지하 1,,정,127.0059502894182,37.58839516720445
서울교통공사,4호선,수유(강북구청),서울특별시 강북구 수유동 140,서울특별시 강북구 도봉로 지하 338,,정,127.02535660188366,37.637744824520944
서울교통공사,4호선,혜화,서울특별시 종로구 명륜4가 96-5,서울특별시 종로구 대학로 지하 120,,정,127.00229100367415,37.58187298548507
서울교통공사,4호선,쌍문,서울특별시 도봉구 창동 703-4,서울특별시 도봉구 도봉로 지하 486-1,,정,127.03487954366194,37.64884846710373
서울교통공사,4호선,회현(남대문시장),서울특별시 중구 남창동 64-1,서울특별시 중구 퇴계로 지하 54,,정,126.97823938905248,37.558534219892174
서울교통공사,5호선,김포공항,서울특별시 강서구 방화동 886,서울특별시 강서구 하늘길 지하77 (방화동),,정,126.80157042193576,37.562144217198956
서울교통공사,4호선,동대문역사문화공원,서울특별시 중구 광희동2가 9,서울특별시 중구 장충단로 지하 230,,정,127.00755096719678,37.565079520442225
서울교통공사,4호선,서울역,서울특별시 용산구 동자동 14-151,서울특별시 용산구 한강대로 지하 392,,정,126.97280495137643,37.55319933505409
서울교통공사,4호선,동대문,서울특별시 종로구 종로6가 287-1,서울특별시종로구 율곡로 지하 308,,정,127.00954671483679,37.57041118803805
서울교통공사,4호선,명동,서울특별시 중구 충무로2가 109-2,서울특별시 중구 퇴계로 지하 126,,정,126.98594708149504,37.56090973278894
서울교통공사,4호선,신용산,서울특별시 용산구 한강로2가 181,서울특별시 용산구 한강대로 지하 112,,정,126.96821568498345,37.52961565655362
서울교통공사,4호선,충무로,서울특별시 중구 필동2가 16-2,서울특별시 중구 퇴계로 지하 199,,정,126.99411058207492,37.5611721345071
서울교통공사,5호선,송정,서울특별시 강서구 공항동 29-5,서울특별시 강서구 공항대로 지하33 (공항동),,정,126.81105410378457,37.561475263331104
서울교통공사,5호선,방화,서울특별시 강서구 방화동 829-15,서울특별시 강서구 금낭화로 지하132 (방화동),,정,126.81263195458051,37.57700732530649
서울교통공사,4호선,이촌(국립중앙박물관),서울특별시 용산구 용산동5가 17-112,서울특별시 용산구 서빙고로 지하 83,,정,126.9736829308762,37.52252036312818
서울교통공사,4호선,총신대입구(이수),서울특별시 동작구 사당동 736-1,서울특별시 동작구 동작대로 지하 117,,정,126.9822004414829,37.48755384183918
서울교통공사,5호선,개화산,서울특별시 강서구 방화동 846,서울특별시 강서구 양천로 22?(방화동),,정,126.80600147870797,37.57226895275586
서울교통공사,4호선,동작(현충원),서울특별시 동작구 동작동 327-1,서울특별시 동작구 현충로 257,,정,126.98026863490684,37.502870242964164
서울교통공사,4호선,남태령,서울특별시 서초구 방배동 2909,서울특별시 서초구 과천대로 지하 816,,정,126.98865674189442,37.46485685130539
서울교통공사,5호선,양평,서울특별시 영등포구 양평동2가 33-79,서울특별시 영등포구 양산로 지하21?(양평동2가),,정,126.88686583893414,37.52551137079959
서울교통공사,5호선,마곡,서울특별시 강서구 가양동 530-6,서울특별시 강서구 공항대로 지하163 (가양동),,정,126.82554831640023,37.560197930016656
서울교통공사,4호선,사당,서울특별시 동작구 사당동 588-44,서울특별시동작구 동작대로 지하 3,,정,126.98159562216307,37.47686286586218
서울교통공사,5호선,목동,서울특별시 양천구 목동 926-3,서울특별시 양천구 오목로 지하245 (목동),,정,126.86473216021605,37.526181263758005
서울교통공사,5호선,화곡,서울특별시 강서구 화곡동 1089-54,서울특별시 강서구 화곡로 지하168 (화곡동),,정,126.84049507933125,37.54143077330346
서울교통공사,5호선,발산,서울특별시 강서구 마곡동 727-1212,서울특별시 강서구 공항대로 지하267 (가양동),,정,126.83730972843085,37.5590278924186
서울교통공사,5호선,영등포구청,서울특별시 영등포구 당산동3가 556-1,서울특별시 영등포구 양산로 지하116?(당산동3가),,정,126.89528893870984,37.524227111819066
서울교통공사,5호선,오목교(목동운동장앞),서울특별시 양천구 목동 406-30,서울특별시 양천구 오목로 지하342 (목동),,정,126.87536050799508,37.52446139781767
서울교통공사,5호선,우장산,서울특별시 강서구 화곡동 1089-3,서울특별시 강서구 강서로 지하262 (화곡동),,정,126.8364084149004,37.54899989893495
서울교통공사,5호선,신정(은행정),서울특별시 양천구 신정동 1090,서울특별시 양천구 오목로 지하179 (신정동),,정,126.85726196070792,37.52543148374382
서울교통공사,5호선,서대문,서울특별시 종로구 평동 210,서울특별시 종로구 통일로 지하126 (평동),,정,126.96663741482402,37.565855396721574
서울교통공사,5호선,까치산,서울특별시 강서구 화곡동 662-5,서울특별시 강서구 강서로 지하54?(화곡동),,정,126.84661163893314,37.53195647971344
서울교통공사,5호선,애오개,서울특별시 마포구 아현동 612,서울특별시 마포구 마포대로 지하210 (아현동),,정,126.95661304095486,37.55336208032999
서울교통공사,5호선,광화문(세종문화회관),서울특별시 종로구 세종로 1-68,서울특별시 종로구 세종대로 지하172 (세종로),,정,126.97678805812392,37.571622566003
서울교통공사,5호선,영등포시장,서울특별시 영등포구 영등포동5가 62-1,서울특별시 영등포구 양산로 지하200 (영등포동5가),,정,126.90495915663845,37.52273492058917
서울교통공사,5호선,충정로(경기대입구),서울특별시 서대문구 충정로3가 248-1,서울특별시 서대문구 충정로 지하28-1 (충정로3가),,정,126.96337313284302,37.560993161550265
서울교통공사,5호선,여의나루,서울특별시 영등포구 여의도동 84-4,서울특별시 영등포구 여의동로 지하343 (여의도동),,정,126.93286448896787,37.527086036400014
서울교통공사,5호선,신길,서울특별시 영등포구 영등포동1가 35,서울특별시 영등포구 경인로114가길 지하9 ?(영등포동1가),,정,126.91433511695229,37.5176648158829
서울교통공사,5호선,공덕,서울특별시 마포구 공덕동 423-29,서울특별시 마포구 마포대로 지하100?(공덕동),,정,126.95136353671212,37.544526221935406
서울교통공사,5호선,답십리,서울특별시 성동구 용답동 99,서울특별시 성동구 천호대로 지하300?(용답동),,정,127.05318105588326,37.56644630916379
서울교통공사,5호선,마포,서울특별시 마포구 도화동 160,서울특별시 마포구 마포대로 지하33 (도화동),,정,126.94544801750092,37.53998553297848
서울교통공사,5호선,장한평,서울특별시 동대문구 장안동 472-3,서울특별시 동대문구 천호대로 지하405 (장안동),,정,127.06417861372921,37.562014019302005
서울교통공사,5호선,왕십리,서울특별시 성동구 행당동 192,서울특별시 성동구 왕십리로 지하300?(행당동),,정,127.03665560322223,37.56122238354875
서울교통공사,5호선,여의도,서울특별시 영등포구 여의도동 3,서울특별시 영등포구 여의나루로 지하40 (여의도동),,정,126.9244846071546,37.52184199752939
서울교통공사,5호선,종로3가(탑골공원),서울특별시 종로구 돈의동 39-1,서울특별시 종로구 돈화문로11길 지하26 (돈의동) ?,,정,126.99006215133008,37.57257118144814
서울교통공사,5호선,마장,서울특별시 성동구 마장동 772,서울특별시 성동구 마장로 지하296 (마장동),,정,127.04316353028928,37.56628268295604
서울교통공사,5호선,청구,서울특별시 중구 신당동 295-2,서울특별시 중구 청구로 지하77?(신당동),,정,127.0138063256488,37.56029404793956
서울교통공사,5호선,을지로4가,서울특별시 중구 주교동 191,서울특별시 중구 창경궁로 지하51 (주교동),,정,126.99805975045416,37.567524564338655
서울교통공사,5호선,행당,서울특별시 성동구 행당동 317-241,서울특별시 성동구 행당로 지하89 (행당동),,정,127.02923171111068,37.55727755169272
서울교통공사,5호선,고덕,서울특별시 강동구 고덕동 310,서울특별시 강동구 고덕로 지하253 (고덕동),,정,127.15394959935311,37.555048166395636
서울교통공사,5호선,신금호,서울특별시 성동구 금호동2가 223-1,서울특별시 성동구 금호로 지하154 (금호동2가),,정,127.02006442153035,37.55453298820737
서울교통공사,5호선,굽은다리(강동구민회관앞),서울특별시 강동구 명일동 345-12,서울특별시 강동구 양재대로 지하1572 (명일동),,정,127.14297118806347,37.54573152935539
서울교통공사,5호선,동대문역사문화공원,서울특별시 중구 광희동1가 235-6,서울특별시 중구 마른내로 지하162 (광희동1가),,정,127.0059167174305,37.56457785225314
서울교통공사,5호선,상일동,서울특별시 강동구 상일동 148,서울특별시 강동구 고덕로 지하359 (상일동),,정,127.16582909464951,37.55666336100953
서울교통공사,5호선,군자(능동),서울특별시 광진구 능동 275-5,서울특별시 광진구 천호대로 지하550 (능동) ?,,정,127.07901723992424,37.55736280910899
서울교통공사,5호선,천호(풍납토성),서울특별시 강동구 천호동 455,서울특별시 강동구 천호대로 지하997 (천호동),,정,127.12374218835372,37.53857905939403
서울교통공사,5호선,명일,서울특별시 강동구 명일동 312,서울특별시 강동구 양재대로 지하1632 (명일동),,정,127.1440010837298,37.55125994333855
서울교통공사,5호선,길동,서울특별시 강동구 길동 378,서울특별시 강동구 양재대로 지하1480 (길동),,정,127.13999919468053,37.537811307311685
서울교통공사,5호선,아차산(어린이대공원후문),서울특별시 광진구 능동 256-16,서울특별시 광진구 천호대로 지하657 (능동),,정,127.08937076551067,37.552401273235205
서울교통공사,,공덕,서울특별시 마포구 공덕동 439,서울특별시 마포구 백범로 지하200 (공덕동),6호선,정,126.95194771894022,37.543527535787284
서울교통공사,5호선,강동,서울특별시 강동구 천호동 447,서울특별시 강동구 천호대로 지하1097 (천호동),,정,127.1335295220686,37.53551998932251
서울교통공사,5호선,광나루(장신대),서울특별시 광진구 광장동 237,서울특별시 광진구 아차산로 지하571 (광장동),,정,127.10368637335927,37.54527902206884
서울교통공사,5호선,마천,서울특별시 송파구 마천동 307-4,서울특별시 송파구 마천로57길 지하7?(마천동),,정,127.15231993629811,37.494670383556134
서울교통공사,5호선,둔촌동,서울특별시 강동구 둔촌동 416,서울특별시 강동구 양재대로 지하1369 (둔촌동),,정,127.1361899044837,37.52764134048571
서울교통공사,,광흥창(서강),서울특별시 마포구 창전동 145-17,서울특별시 마포구 독막로 지하165 (창전동),6호선,정,126.93193960804997,37.54748543862176
서울교통공사,5호선,오금,서울특별시 송파구 오금동 44-2,서울특별시 송파구 오금로 지하321?(오금동),,정,127.12787978010067,37.50226651767043
서울교통공사,5호선,올림픽공원(한국체대),서울특별시 송파구 방이동 89-28,서울특별시 송파구 양재대로 지하1233 (방이동),,정,127.1306005209625,37.516087503408635
서울교통공사,5호선,거여,서울특별시 송파구 거여동 20-14,서울특별시 송파구 오금로 지하499?(거여동),,정,127.14403246252822,37.493207127233006
서울교통공사,,망원,서울특별시 마포구 망원동 378,서울특별시 마포구 월드컵로 지하77 (망원동),6호선,정,126.91003364784967,37.55605708266016
서울교통공사,,고려대(종암),서울특별시 성북구 종암동 29-18,서울특별시 성북구 종암로 지하1 (종암동),6호선,정,127.0362851974663,37.5906499222265
서울교통공사,5호선,개롱,서울특별시 송파구 가락동 165-2,서울특별시 송파구 오금로 지하402 (가락동),,정,127.13515922275602,37.497814864138256
서울교통공사,5호선,방이,서울특별시 송파구 방이동 217-2,서울특별시 송파구 양재대로 지하1127 (방이동),,정,127.12585490241264,37.508557028408134
서울교통공사,,구산,서울특별시 은평구 구산동 1,서울특별시 은평구 연서로 지하137-1 (구산동),6호선,정,126.91716249339133,37.61117799406096
서울교통공사,,디지털미디어시티,서울특별시 은평구 증산동 223-25,서울특별시 은평구 수색로 지하175 (증산동),6호선,정,126.90192948338502,37.577161833709724
서울교통공사,,버티고개,서울특별시 중구 신당동 366-454,서울특별시 중구 다산로 지하38 (신당동),6호선,정,127.00688610278699,37.547996174964304
서울교통공사,,독바위,서울특별시 은평구 불광동 13-33,서울특별시 은평구 불광로 지하129-1 (불광동),6호선,정,126.93279153965837,37.61836840881079
서울교통공사,,녹사평(용산구청),서울특별시 용산구 용산동4가 4,서울특별시 용산구 녹사평대로 지하195 (용산동4가),6호선,정,126.98702823704328,37.53483117007138
서울교통공사,,동묘앞,서울특별시 종로구 숭인동 316-3,서울특별시 종로구 지봉로 지하24 (숭인동),6호선,정,127.01567840509081,37.57220134115562
서울교통공사,,신내,서울특별시 중랑구 신내동 19,서울특별시 중랑구 용마산로 136길 33,6호선,정,127.1021814167748,37.61306171078294
서울교통공사,,마포구청,서울특별시 마포구 성산동 592,서울특별시 마포구 월드컵로 지하190 (성산동),6호선,정,126.90335684949542,37.56342537485442
서울교통공사,,돌곶이,서울특별시 성북구 석관동 349-8,서울특별시 성북구 화랑로 지하243 (석관동),6호선,정,127.05642557897015,37.610551496370874
서울교통공사,,새절(신사),서울특별시 은평구 신사동 337-5,서울특별시 은평구 증산로 지하400 (신사동,6호선,정,126.91391635560953,37.59183360398961
서울교통공사,,대흥(서강대앞),서울특별시 마포구 대흥동 128-1,서울특별시 마포구 대흥로 지하85?(대흥동),6호선,정,126.94150655800671,37.54770053035228
서울교통공사,,신당,서울특별시 중구 흥인동 162-1,서울특별시 중구 다산로 지하260 (흥인동),6호선,정,127.01615318664453,37.56627422255595
서울교통공사,,삼각지,서울특별시 용산구 한강로1가 228-1,서울특별시 용산구 한강대로 지하185 (한강로1가),6호선,정,126.97321420931723,37.53526339533484
서울교통공사,,보문,서울특별시 성북구 보문동1가 127-1,서울특별시 성북구 보문로 지하116 (보문동1가),6호선,정,127.019489320447,37.585549630325005
서울교통공사,,봉화산(서울의료원),서울특별시 중랑구 신내동 643-1,서울특별시 중랑구 신내로 지하232 (신내동),6호선,정,127.09075774644107,37.61765374834299
서울교통공사,,석계,서울특별시 노원구 월계동 25-2,서울특별시 노원구 화랑로 지하347-1 (월계동),6호선,정,127.06611844188856,37.61504737538071
서울교통공사,,증산(명지대앞),서울특별시 은평구 증산동 199-8,서울특별시 은평구 증산로 지하306 (증산동),6호선,정,126.91005686124082,37.58419534198936
서울교통공사,,상월곡(한국과학기술연구원),서울특별시 성북구 상월곡동 26-1,서울특별시 성북구 화랑로 지하157 (상월곡동),6호선,정,127.04832667183979,37.60626463558655
서울교통공사,,상수,서울특별시 마포구 상수동 309-10,서울특별시 마포구 독막로 지하85 (상수동),6호선,정,126.92240960159467,37.54777180313401
서울교통공사,,응암,서울특별시 은평구 역촌동 85-41,서울특별시 은평구 증산로 지하477 (역촌동),6호선,정,126.91551157783208,37.598740370614856
서울교통공사,,불광,서울특별시 은평구 대조동 14-1,서울특별시 은평구 통일로 지하723-1 (대조동),6호선,정,126.92998545003249,37.61020679435526
서울교통공사,,창신,서울특별시 종로구 창신동 20-8,서울특별시 종로구 지봉로 지하112 (창신동),6호선,정,127.0152110055045,37.58001680235989
서울교통공사,,연신내,서울특별시 은평구 갈현동 397,서울특별시 은평구 통일로 지하849 (갈현동),6호선,정,126.9211666763322,37.618969933364056
서울교통공사,,약수,서울특별시 중구 신당동 369-2,서울특별시 중구 다산로 지하115 (신당동),6호선,정,127.01012031000874,37.5538918494929
서울교통공사,,안암(고대병원앞),서울특별시 성북구 안암동5가 146-1,서울특별시 성북구 인촌로 지하89 (안암동5가),6호선,대,127.0280534517771,37.607099130775744
서울교통공사,7호선,수락산,서울특별시 노원구 상계동 1132-9,서울특별시 노원구 동일로 지하1662 (상계동),,정,127.0553744724738,37.677625990298225
서울교통공사,,이태원,서울특별시 용산구 이태원동 119-23,서울특별시 용산구 이태원로 지하177 (이태원동),6호선,정,126.99372283016174,37.53448509804741
서울교통공사,,월드컵경기장(성산),서울특별시 마포구 성산동 420,서울특별시 마포구 월드컵로 지하240 (성산동),6호선,정,126.8990339346719,37.56994359809113
서울교통공사,7호선,마들,서울특별시 노원구 상계동 650,서울특별시 노원구 동일로 지하1530-1 (상계동),,정,127.05768748071267,37.66508722290245
서울교통공사,,월곡(동덕여대),서울특별시 성북구 하월곡동 35-1,서울특별시 성북구 월곡로 지하107 (하월곡동),6호선,정,127.0411844182332,37.60142030556327
서울교통공사,7호선,장암,경기도 의정부시 장암동 160-8,경기도 의정부시 동일로 121 (장암동),,정,127.05313476271058,37.70011924793852
서울교통공사,,역촌,서울특별시 은평구 녹번동 144-69,서울특별시 은평구 서오릉로 지하63 (녹번동),6호선,정,126.9229636380249,37.60603192005642
서울교통공사,,태릉입구,서울특별시 노원구 공릉동 616-4,서울특별시 노원구 동일로 지하992-1 (공릉동),6호선,정,127.07499572983969,37.61790538985226
서울교통공사,,합정,서울특별시 마포구 합정동 414,서울특별시 마포구 양화로 지하45 (합정동),6호선,정,126.91367787151397,37.55016600977867
서울교통공사,,효창공원앞,서울특별시 용산구 효창동 80,서울특별시 용산구 백범로 지하287 (효창동),6호선,정,126.9612214169689,37.539600668397725
서울교통공사,,청구,서울특별시 중구 신당동 295-2,서울특별시 중구 청구로 지하77 (신당동),6호선,정,127.0138063256488,37.56029404793956
서울교통공사,7호선,면목,서울특별시 중랑구 면목동 282-6,서울특별시 중랑구 면목로 지하407?(면목동),,정,127.08756759617435,37.58838408537937
서울교통공사,7호선,도봉산,서울특별시 도봉구 도봉동 38-3,서울특별시 도봉구 도봉로 964-40 (도봉동),,정,127.04653541879122,37.689132082042946
서울교통공사,7호선,사가정,서울특별시 중랑구 면목동 495,서울특별시 중랑구 사가정로 지하393 (면목동),,정,127.08843906551263,37.58079507541697
서울교통공사,,화랑대(서울여대입구),서울특별시 노원구 공릉동 285-2,서울특별시 노원구 화랑로 지하510 (공릉동),6호선,정,127.08374482583423,37.61989519349878
서울교통공사,7호선,중화,서울특별시 중랑구 중화동 50-3,서울특별시 중랑구 동일로 지하797 (중화동),,정,127.07946945472581,37.60158005799422
서울교통공사,7호선,중계,서울특별시 노원구 중계동 503-3,서울특별시 노원구 동일로 지하1308-1 (중계동),,정,127.06424687403205,37.644891059928874
서울교통공사,,한강진,서울특별시 용산구 한남동 726-494,서울특별시 용산구 이태원로 지하287 (한남동),6호선,정,127.00174731644941,37.54029328890011
서울교통공사,7호선,공릉(서울과학기술대),서울특별시 노원구 공릉동 385-4,서울특별시 노원구 동일로 지하1074 (공릉동),,정,127.07300526568945,37.625476684357594
서울교통공사,7호선,먹골,서울특별시 중랑구 묵동 189-5,서울특별시 중랑구 동일로 지하901?(묵동),,정,127.07776433266925,37.61062436633213
서울교통공사,7호선,노원,서울특별시 노원구 상계동 729,서울특별시 노원구 동일로 지하1409 (상계동),,정,127.06051702294836,37.65469458626982
서울교통공사,7호선,학동,서울특별시 강남구 논현동 279-67,서울특별시 강남구 학동로 지하180?(논현동),,정,127.03146348990165,37.514206245474874
서울교통공사,7호선,논현,서울특별시 강남구 논현동 279-67,서울특별시 강남구 학동로 지하102?(논현동),,정,127.0216573016981,37.51119787085061
서울교통공사,7호선,상봉(시외버스터미널),서울특별시 중랑구 상봉동 100-9,서울특별시 중랑구 망우로 지하297 (상봉동),,정,127.08543658426332,37.596714074388885
서울교통공사,7호선,태릉입구,서울특별시 노원구 공릉동 616-4,서울특별시 노원구 동일로 지하992-1 (공릉동),,정,127.07499572983969,37.61790538985226
서울교통공사,7호선,청담,서울특별시 강남구 청담동 77-76,서울특별시 강남구 학동로 지하508 (청담동),,정,127.05364470795594,37.519441603280534
서울교통공사,7호선,중곡,서울특별시 광진구 중곡동 273-2,서울특별시 광진구 능동로 지하417 (중곡동),,정,127.08407246060086,37.565525334328974
서울교통공사,7호선,하계,서울특별시 노원구 하계동 273-5,서울특별시 노원구 동일로 지하1196?(하계동),,정,127.06798879985041,37.636452068857785
서울교통공사,7호선,뚝섬유원지,서울특별시 광진구 자양동 73-2,서울특별시 광진구 능동로 10 (자양동),,정,127.0667178245376,37.53158738487023
서울교통공사,7호선,어린이대공원(세종대),서울특별시 광진구 화양동 164-1,서울특별시 광진구 능동로 지하210?(화양동),,정,127.07455030252422,37.54786998064372
서울교통공사,7호선,용마산,서울특별시 중랑구 면목동 1316-5,서울특별시 중랑구 용마산로 지하227?(면목동),,정,127.08703807414949,37.574030066753785
서울교통공사,7호선,신대방삼거리,서울특별시 동작구 대방동 406-10,서울특별시 동작구 상도로 지하76 (대방동) ?,,정,126.9282237627355,37.499722921803034
서울교통공사,7호선,보라매,서울특별시 동작구 대방동 466-51,서울특별시 동작구 상도로 지하2?(대방동),,정,126.92048967438008,37.49991057224721
서울교통공사,7호선,강남구청,서울특별시 강남구 삼성동 111-44,서울특별시 강남구 학동로 지하346 (삼성동),,정,127.04130106646006,37.51718869050704
서울교통공사,7호선,건대입구,서울특별시 광진구 화양동 6-3,서울특별시 광진구 능동로 지하110 (화양동),,정,127.07104608131455,37.54084206967129
서울교통공사,7호선,상도,서울특별시 동작구 상도1동 702-1,서울특별시 동작구 상도로 지하272?(상도1동),,정,126.94770008232166,37.50320738742224
서울교통공사,7호선,고속터미널,서울특별시 서초구 반포동 19-11,서울특별시 서초구 신반포로 지하188 (반포동),,정,127.00444241077146,37.50464704802712
서울교통공사,7호선,군자(능동),서울특별시 광진구 능동 275-5,서울특별시 광진구 천호대로 지하550 (능동),,정,127.07901723992424,37.55736280910899
서울교통공사,7호선,숭실대입구(살피재),서울특별시 동작구 상도동 514,서울특별시 동작구 상도로 지하378?(상도동),,정,126.95406001726371,37.495814285239454
서울교통공사,7호선,총신대입구(이수),서울특별시 동작구 사당동 144-4,서울특별시 동작구 사당로 지하310 (사당동),,정,126.98102124345053,37.485015848718184
서울교통공사,7호선,반포,서울특별시 서초구 잠원동 103,서울특별시 서초구 신반포로 지하241?(잠원동),,정,127.01149725874883,37.50812682899236
서울교통공사,7호선,장승배기,서울특별시 동작구 상도동 26-20,서울특별시 동작구 상도로 지하188?(상도동),,정,126.93874422861032,37.50466502888192
서울교통공사,7호선,부천종합운동장,경기도 부천시 원미구 춘의동 15-1,경기도 부천시 원미구 길주로 지하502?(춘의동),,대,126.79248285704753,37.49421206850425
서울교통공사,7호선,까치울,경기도 부천시 원미구 춘의동 3-1,경기도 부천시 원미구 길주로 지하626?(춘의동),,대,126.79248285704753,37.49421206850425
서울교통공사,7호선,천왕,서울특별시 구로구 오류동 174-5,서울특별시 구로구 오리로 지하1154?(오류동),,정,126.83871376615626,37.486821604789746
서울교통공사,7호선,남성,서울특별시 동작구 사당동 산25-33,서울특별시 동작구 사당로 지하218 (사당동),,정,126.97170661957378,37.484443664805006
서울교통공사,7호선,내방,서울특별시 서초구 반포동 19-11,서울특별시 서초구 서초대로 지하103 (방배동),,정,126.993190143064,37.48753389456355
서울교통공사,7호선,가산디지털단지,서울특별시 금천구 가산동 468-4,서울특별시 금천구 벚꽃로 309 (가산동),,정,126.8825592777496,37.481595773825134
서울교통공사,7호선,온수(성공회대입구),서울특별시 구로구 온수동 119,서울특별시 구로구 경인로3길 지하64 (온수동),,정,126.82338130391334,37.49215101121385
서울교통공사,7호선,대림(구로구청),서울특별시 영등포구 대림동 1050-17,서울특별시 영등포구 도림로 지하137?(대림동),,정,126.89661187366156,37.49274333217152
서울교통공사,7호선,광명사거리,경기도 광명시 광명동 158-211,경기도 광명시 오리로 지하980?(광명동),,정,126.85470278269499,37.47933503819705
서울교통공사,8호선,강동구청,서울특별시 강동구 성내동 319,서울특별시 강동구 올림픽로 지하550 (성내동),,정,127.12057549720592,37.53067394793378
서울교통공사,7호선,신풍,서울특별시 영등포구 신길동 3599,서울특별시 영등포구 신풍로 지하27?(신길동),,정,126.90984164645265,37.50011744578428
서울교통공사,8호선,천호(풍납토성),서울특별시 강동구 천호동 455,서울특별시 강동구 천호대로 지하997 (천호동),,정,127.12374218835372,37.53857905939403
서울교통공사,7호선,남구로,서울특별시 구로구 구로동 801-95,서울특별시 구로구 도림로 지하7?(구로동),,정,126.88633320150234,37.48532361316059
서울교통공사,7호선,부평구청,인천광역시 부평구 갈산동 193-45,인천광역시 부평구 길주로 지하527?(갈산동),,정,126.72085783215041,37.507608328949466
서울교통공사,7호선,철산,경기도 광명시 철산동 526,경기도 광명시 철산로 지하13 (철산동),,정,126.86800367981432,37.4760980577065
서울교통공사,8호선,암사,서울특별시 강동구 암사동 501,서울특별시 강동구 올림픽로 지하776 (암사동),,정,127.12754001626179,37.550139258442165
서울교통공사,7호선,상동,경기도 부천시 원미구 상동 633,경기도 부천시 원미구 길주로 지하104?(상동),,대,126.79248285704753,37.49421206850425
서울교통공사,7호선,굴포천,인천광역시 부평구 삼산동 466,인천광역시 부평구 길주로 지하623 (삼산동),,정,126.73176182476533,37.50707855546168
서울교통공사,7호선,신중동,경기도 부천시 원미구 춘의동 145,경기도 부천시 원미구 길주로 지하314 (중동),,대,126.79248285704753,37.49421206850425
서울교통공사,7호선,춘의,경기도 부천시 원미구 춘의동 145,경기도 부천시 원미구 길주로 지하406 (춘의동),,대,126.79248285704753,37.49421206850425
서울교통공사,8호선,남한산성입구(성남법원·검찰청),경기도 성남시 수정구 단대동 96,경기도 성남시 수정구 산성대로 지하445 (단대동) ?,,정,127.15980226893501,37.45156808438957
서울교통공사,8호선,산성,경기도 성남시 수정구 신흥동 7,경기도 성남시 수정구 수정로 지하365?(신흥동),,정,127.14994418786304,37.45652476991382
서울교통공사,8호선,장지,서울특별시 송파구 장지동 201-5,서울특별시 송파구 송파대로 지하82?(장지동),,정,127.1264245005069,37.478119813601246
서울교통공사,7호선,삼산체육관,인천광역시 부평구 삼산동 466,인천광역시 부평구 길주로 지하713 (삼산동),,정,126.74190726709506,37.506583468999274
서울교통공사,7호선,부천시청,경기도 부천시 원미구 중동 1243,경기도 부천시 원미구 길주로 지하202?(중동),,대,126.79248285704753,37.49421206850425
서울교통공사,8호선,복정,서울특별시 송파구 장지동 596-21,서울특별시 송파구 송파대로 지하6 (장지동),,정,127.12677200564394,37.47105781142292
서울교통공사,8호선,송파,서울특별시 송파구 가락동 459-4,서울특별시 송파구 송파대로 지하354 (가락동),,정,127.11218056692168,37.49968680060866
서울교통공사,8호선,문정,서울특별시 송파구 문정동 119-4,서울특별시 송파구 송파대로 지하179 (문정동),,정,127.12229105036803,37.486264018996614
서울교통공사,8호선,잠실(송파구청),서울특별시 송파구 신천동 7-4,서울특별시 송파구 올림픽로 305 (신천동),,정,127.10421556449872,37.51497629138417
서울교통공사,8호선,몽촌토성(평화의문),서울특별시 송파구 신천동 19,서울특별시 송파구 올림픽로 지하383 (신천동),,정,127.11243062978616,37.5176246845367
서울9호선,9호선,양천향교,서울특별시 강서구 가양동 159-3,서울특별시 강서구 양천로 341,,정,126.84081741940669,37.568760384209924
서울9호선,9호선,마곡나루,서울특별시 강서구 마곡동 367-6,서울특별시 강서구 마곡중앙5로 2,,정,126.8275157853133,37.5667880400899
서울9호선,9호선,공항시장,서울특별시 강서구 공항동 산 20-2,서울특별시 강서구 방화동로 30,,정,126.81049146168365,37.56355407448472
서울교통공사,8호선,가락시장,서울특별시 송파구 가락동 184-23,서울특별시 송파구 송파대로 지하257?(가락동),,정,127.1184857624921,37.492743409004625
서울교통공사,8호선,석촌,서울특별시 송파구 석촌동 209,서울특별시 송파구 송파대로 지하439?(석촌동),,정,127.10634573987326,37.50594908364595
서울9호선,9호선,신방화,서울특별시 강서구 방화동 217-156,서울특별시 강서구 방화대로 301,,정,126.81652170166647,37.56767942054776
서울9호선,9호선,김포공항,서울특별시 강서구 방화동 886,서울특별시 강서구 하늘길 77,,정,126.80157042193576,37.562144217198956
서울교통공사,8호선,모란,경기도 성남시 수정구 수진동 4518,경기도 성남시 수정구 산성대로 지하100 (수진동),,정,127.12955098249014,37.43384993231125
서울교통공사,8호선,신흥,경기도 성남시 수정구 신흥동 2467,경기도 성남시 수정구 산성대로 지하280 (신흥동),,정,127.14810734196205,37.441183405225296
서울9호선,9호선,샛강,서울특별시 영등포구 여의도동 5-6,서울특별시 영등포구 의사당대로 166,,정,126.92907926538247,37.51663014612802
서울9호선,9호선,여의도,서울특별시 영등포구 여의도동 2-6,서울특별시 영등포구 의사당대로 101,,정,126.92396919981421,37.52190708622823
서울교통공사,8호선,단대오거리,경기도 성남시 수정구 신흥동 2467,경기도 성남시 수정구 산성대로 지하365 (신흥동),,정,127.15668806894723,37.44514402652555
서울9호선,9호선,당산,서울특별시 영등포구 당산동6가 227-1,서울특별시 영등포구 양평로 40,,정,126.90217159958917,37.53374074303278
서울9호선,9호선,개화,서울특별시 강서구 개화동 493-2,서울특별시 강서구 개화동로 8길 38,,정,126.79673272027387,37.58104900741436
서울9호선,9호선,증미,서울특별시 강서구 등촌동 666-40,서울특별시 강서구 양천로 560,,정,126.86124745965346,37.55771948175767
서울9호선,9호선,언주,서울특별시 강남구 논현동 279-165,서울특별시 강남구 봉은사로 201,,정,127.03428515883083,37.50744550779899
서울9호선,9호선,염창,서울특별시 강서구 염창동 284-84,서울특별시 강서구 공항대로 631,,정,126.87500221961189,37.54705447503146
서울교통공사,8호선,수진,경기도 성남시 수정구 수진동 2205-1,경기도 성남시 수정구 산성대로 지하200 (수진동),,정,127.14035157929541,37.43745902984593
서울9호선,9호선,선유도,서울특별시 영등포구 양평동5가 66-1,서울특별시 영등포구 양평로 124,,정,126.89342085078879,37.538131652617466
서울9호선,9호선,신논현,서울특별시 강남구 역삼동 800,서울특별시 강남구 봉은사로 102,,정,127.02503118047096,37.504634281153905
서울9호선,9호선,가양,서울특별시 강서구 가양동 14-61,서울특별시 강서구 양천로 485,,정,126.85438720560197,37.56155253286697
서울9호선,9호선,국회의사당,서울특별시 영등포구 여의도동 1-6,서울특별시 영등포구 국회대로 758,,정,126.91788559985538,37.52806773491489
서울9호선,9호선,고속터미널,서울특별시 서초구 반포동 19-11,서울특별시 서초구 신반포로 188,,정,127.00444241077146,37.50464704802712
서울9호선,9호선,신목동,서울특별시 양천구 목동 136-2,서울특별시 양천구 목동중앙로 217,,정,126.88274736123317,37.544481313525445
서울9호선,9호선,동작(현충원),서울특별시 동작구 동작동 326,서울특별시 동작구 현충로 220,,정,126.97793729932002,37.5030672745521
서울9호선,9호선,노들,서울특별시 동작구 본동 344-10,서울특별시 동작구 노량진로 238,,정,126.95306360990759,37.51277859083927
서울9호선,9호선,신반포,서울특별시 서초구 반포동 128-1,서울특별시 서초구 신반포로 105,,정,126.99589839205713,37.50341389309325
서울9호선,9호선,등촌,서울특별시 강서구 등촌동 666-94,서울특별시 강서구 공항대로 529,,정,126.86495031306389,37.551117282604196
서울9호선,9호선,노량진,서울특별시 동작구 노량진동 60-11,서울특별시 동작구 노량진로 130,,정,126.94082699790542,37.51357307396452
서울9호선,9호선,구반포,서울특별시 서초구 반포동 817,서울특별시 서초구 신반포로 17,,정,126.9873749320206,37.50144920943843
서울9호선,9호선,종합운동장,서울특별시 송파구 잠실동 123,서울특별시 송파구 올림픽로 23,,정,127.07335564152693,37.51096957741606
서울9호선,9호선,사평,서울특별시 서초구 반포동 128-7,서울특별시 서초구 사평대로 285,,정,127.015434252495,37.504159045946714
서울9호선,9호선,삼성중앙,서울특별시 강남구 삼성동 111-147,서울특별시 강남구 봉은사로 501,,정,127.05270499610269,37.512882478503435
서울9호선,9호선,선정릉,서울특별시 강남구 삼성동 111-114,서울특별시 강남구 선릉로 580,,정,127.04364075254105,37.51085310138105
서울9호선,9호선,흑석(중앙대입구),서울특별시 동작구 흑석동 4,서울특별시 동작구 현충로 90,,정,126.96357025907781,37.509085251610834
서울9호선,9호선,봉은사,서울특별시 강남구 삼성동 172,서울특별시 강남구 봉은사로 601,,정,127.06089215141441,37.51436077913791